{
    "lr": 2.0749718613805527e-05,
    "batch_size": 6,
    "weight_decay": 5.980168243088011e-06,
    "block_0_nf_scaling": 0.9185092369624681,
    "block_1_nf_scaling": 1.9373547301767187,
    "block_2_nf_scaling": 0.5103133669246193,
    "block_3_nf_scaling": 3.936104990083627,
    "block_4_nf_scaling": 1.2615697086885378,
    "block_5_nf_scaling": 0.5295709417864599,
    "block_0_layers": 3,
    "block_1_layers": 2,
    "block_2_layers": 2,
    "block_3_layers": 4,
    "block_4_layers": 4,
    "block_5_layers": 4
}