{
    "lr": 0.0003256330998523505,
    "batch_size": 16,
    "block_0_nf_scaling": 0.4057998490511113,
    "block_1_nf_scaling": 1.1134553782079002,
    "block_2_nf_scaling": 2.8690656779342034,
    "block_3_nf_scaling": 1.4193687268811903,
    "block_4_nf_scaling": 1.6511031763487962,
    "block_5_nf_scaling": 1.3774546161447854,
    "block_0_layers": 3,
    "block_1_layers": 1,
    "block_2_layers": 1,
    "block_3_layers": 3,
    "block_4_layers": 2,
    "block_5_layers": 2
}