{
    "lr": 5.4911384627778686e-05,
    "batch_size": 16,
    "block_0_nf_scaling": 2.0086951785763043,
    "block_1_nf_scaling": 1.201125765784926,
    "block_2_nf_scaling": 0.3742100361192101,
    "block_3_nf_scaling": 0.6625775970363,
    "block_4_nf_scaling": 0.7600918959766692,
    "block_5_nf_scaling": 2.3181374766309295,
    "block_0_layers": 5,
    "block_1_layers": 4,
    "block_2_layers": 2,
    "block_3_layers": 3,
    "block_4_layers": 2,
    "block_5_layers": 2
}