{
    "lr": 4.4813815657805274e-05,
    "batch_size": 6,
    "block_0_nf_scaling": 2.457875842516429,
    "block_1_nf_scaling": 2.0430509077089027,
    "block_2_nf_scaling": 0.9014794084892499,
    "block_3_nf_scaling": 1.6226632153530647,
    "block_4_nf_scaling": 0.4295073982818503,
    "block_5_nf_scaling": 0.5291499026986509,
    "block_0_layers": 4,
    "block_1_layers": 4,
    "block_2_layers": 1,
    "block_3_layers": 4,
    "block_4_layers": 2,
    "block_5_layers": 2
}