{
    "lr": 9.956642073789769e-05,
    "batch_size": 10,
    "weight_decay": 2.3181028646339784e-06,
    "block_0_nf_scaling": 1.4687404552663643,
    "block_1_nf_scaling": 0.5871263864080721,
    "block_2_nf_scaling": 1.8852659836926329,
    "block_3_nf_scaling": 0.29812738360052715,
    "block_4_nf_scaling": 0.49717583462424725,
    "block_5_nf_scaling": 0.3377301393697818,
    "block_0_layers": 3,
    "block_1_layers": 4,
    "block_2_layers": 4,
    "block_3_layers": 2,
    "block_4_layers": 1,
    "block_5_layers": 1
}